EmployeeID,Gender,Age,Department,JobRole,ExperienceYears,Salary,Attrition
E0001,Female,38,Finance,Finance Manager,1,79191,No
E0002,Male,40,Sales,Sales Executive,3,52727,No
E0003,Male,30,IT,Tech Lead,8,98754,No
E0004,Male,43,Sales,Sales Manager,9,93438,No
E0005,Female,24,IT,Tech Lead,12,99931,No
E0006,Female,24,Sales,Sales Executive,18,57236,No
E0007,Female,39,Sales,Sales Executive,22,43240,No
E0008,Male,40,Finance,Accountant,3,90904,No
E0009,Female,26,HR,HR Intern,16,74105,Yes
E0010,Female,30,IT,Intern,13,99943,Yes
E0011,Female,49,HR,HR Executive,5,46308,Yes
E0012,Female,42,HR,HR Executive,7,56216,No
E0013,Male,37,HR,HR Executive,3,57239,Yes
E0014,Male,34,Finance,Analyst,4,56924,No
E0015,Male,43,Sales,Sales Manager,24,44489,No
E0016,Female,41,IT,Intern,20,24358,No
E0017,Male,50,HR,HR Manager,18,35983,No
E0018,Male,35,Finance,Accountant,15,27750,No
E0019,Female,34,Finance,Analyst,12,97097,No
E0020,Male,38,HR,HR Manager,6,94686,Yes
E0021,Male,44,IT,Intern,19,80042,No
E0022,Female,49,Finance,Finance Manager,14,76501,No
E0023,Female,26,IT,Software Engineer,5,65030,No
E0024,Male,42,Sales,Sales Manager,9,32814,No
E0025,Female,44,Sales,Sales Executive,2,46506,Yes
E0026,Male,38,HR,HR Intern,20,60466,No
E0027,Male,26,HR,HR Executive,13,38551,No
E0028,Male,28,HR,HR Manager,11,35136,No
E0029,Female,27,Finance,Analyst,9,71979,Yes
E0030,Male,41,HR,HR Intern,19,30670,No
E0031,Male,29,IT,Data Analyst,11,20650,Yes
E0032,Male,44,Finance,Analyst,10,75513,Yes
E0033,Male,43,Finance,Analyst,8,34118,No
E0034,Female,29,Sales,Sales Manager,5,84595,No
E0035,Female,50,Sales,Sales Manager,17,28741,No
E0036,Male,24,Sales,Sales Manager,14,59566,No
E0037,Female,25,HR,HR Intern,13,67435,No
E0038,Female,28,IT,Tech Lead,13,62444,No
E0039,Male,34,Finance,Finance Manager,18,19500,Yes
E0040,Male,37,Sales,Sales Executive,7,34023,No
E0041,Female,34,Finance,Finance Manager,6,89388,No
E0042,Male,27,Finance,Analyst,15,28162,No
E0043,Male,32,IT,Data Analyst,7,73668,No
E0044,Female,40,IT,Software Engineer,24,83297,No
E0045,Female,44,HR,HR Intern,15,52947,Yes
E0046,Female,42,HR,HR Manager,11,87202,No
E0047,Female,44,Finance,Accountant,4,57217,Yes
E0048,Female,26,HR,HR Executive,0,66788,No
E0049,Male,47,Finance,Finance Manager,8,73682,No
E0050,Female,40,Finance,Analyst,23,71694,No
E0051,Male,32,HR,HR Manager,21,34586,No
E0052,Male,34,IT,Software Engineer,12,23361,No
E0053,Male,49,Sales,Sales Manager,5,67229,No
E0054,Male,42,Sales,Sales Executive,25,45317,Yes
E0055,Female,31,HR,HR Manager,15,69564,No
E0056,Female,37,Sales,Sales Executive,8,38293,No
E0057,Female,48,Finance,Accountant,7,76087,Yes
E0058,Male,27,Sales,Sales Executive,2,49330,No
E0059,Female,42,Finance,Analyst,17,83364,No
E0060,Female,25,Sales,Sales Manager,11,72253,Yes
E0061,Male,41,Finance,Accountant,15,26718,Yes
E0062,Female,46,IT,Data Analyst,10,44953,No
E0063,Female,22,HR,HR Manager,7,81138,No
E0064,Female,50,IT,Intern,22,43681,Yes
E0065,Female,45,Sales,Sales Executive,10,99374,No
E0066,Male,26,HR,HR Executive,7,56995,No
E0067,Male,41,Sales,Sales Manager,0,54531,No
E0068,Male,45,Sales,Sales Executive,5,80471,Yes
E0069,Female,30,IT,Software Engineer,17,51283,No
E0070,Male,49,IT,Software Engineer,9,88154,Yes
E0071,Male,41,HR,HR Manager,17,78372,No
E0072,Male,24,HR,HR Intern,23,34899,No
E0073,Female,42,IT,Data Analyst,18,88502,Yes
E0074,Male,22,HR,HR Intern,14,62166,No
E0075,Male,36,Sales,Sales Manager,11,83761,Yes
E0076,Male,42,Sales,Sales Executive,6,61225,No
E0077,Female,46,Sales,Sales Manager,4,36177,No
E0078,Male,40,Sales,Sales Executive,10,29792,No
E0079,Male,34,IT,Tech Lead,13,60973,No
E0080,Male,42,HR,HR Intern,13,82838,No
E0081,Female,31,IT,Software Engineer,24,41405,No
E0082,Female,37,Sales,Sales Manager,17,84801,No
E0083,Female,47,HR,HR Intern,11,55068,No
E0084,Female,35,IT,Intern,18,63800,No
E0085,Male,49,Sales,Sales Manager,22,29422,No
E0086,Male,45,HR,HR Manager,23,44467,No
E0087,Male,38,HR,HR Executive,23,66870,No
E0088,Female,34,Sales,Sales Manager,2,20264,No
E0089,Male,28,Sales,Sales Manager,4,84833,No
E0090,Male,28,Sales,Sales Executive,21,88674,No
E0091,Female,29,Sales,Sales Manager,11,82618,No
E0092,Male,24,Finance,Analyst,4,47792,No
E0093,Female,46,Finance,Finance Manager,1,52546,No
E0094,Male,34,HR,HR Manager,13,31751,No
E0095,Female,43,IT,Software Engineer,4,74851,Yes
E0096,Female,46,Sales,Sales Manager,1,41508,Yes
E0097,Male,42,Sales,Sales Manager,9,30219,Yes
E0098,Male,42,Sales,Sales Executive,19,98547,No
E0099,Female,26,IT,Intern,1,24486,No
E0100,Male,35,IT,Tech Lead,10,29304,No
E0101,Female,24,IT,Tech Lead,14,26538,No
E0102,Male,46,Finance,Analyst,20,81890,Yes
E0103,Female,34,HR,HR Executive,20,63152,No
E0104,Female,26,Sales,Sales Executive,14,78188,Yes
E0105,Female,49,Sales,Sales Manager,14,25373,Yes
E0106,Male,31,HR,HR Intern,20,90144,No
E0107,Male,26,HR,HR Executive,22,94802,Yes
E0108,Female,44,HR,HR Intern,15,73085,No
E0109,Male,40,Finance,Accountant,20,28004,No
E0110,Male,50,IT,Tech Lead,6,67338,Yes
E0111,Male,35,IT,Tech Lead,3,18943,No
E0112,Male,39,Finance,Analyst,21,20918,No
E0113,Male,42,Finance,Analyst,15,93525,No
E0114,Female,46,HR,HR Manager,21,51391,Yes
E0115,Female,24,HR,HR Manager,21,93406,No
E0116,Male,32,HR,HR Intern,22,49656,No
E0117,Female,42,HR,HR Manager,25,66365,Yes
E0118,Male,44,HR,HR Intern,1,38008,Yes
E0119,Female,50,Finance,Analyst,2,76068,No
E0120,Female,33,Finance,Finance Manager,6,97494,No
E0121,Male,26,Finance,Finance Manager,14,66847,No
E0122,Female,28,Sales,Sales Manager,4,37891,No
E0123,Male,32,Sales,Sales Executive,23,25698,No
E0124,Female,50,Finance,Accountant,13,57973,No
E0125,Male,23,IT,Software Engineer,16,31484,No
E0126,Male,45,HR,HR Executive,3,61004,No
E0127,Male,39,HR,HR Executive,23,73521,No
E0128,Male,32,IT,Tech Lead,13,38451,No
E0129,Male,29,Finance,Analyst,11,51857,No
E0130,Female,40,Sales,Sales Manager,11,94338,Yes
E0131,Female,49,Sales,Sales Executive,13,20159,No
E0132,Female,29,IT,Intern,19,49217,No
E0133,Female,44,HR,HR Executive,1,72779,Yes
E0134,Male,38,Finance,Accountant,24,32286,No
E0135,Female,39,IT,Data Analyst,16,30053,No
E0136,Female,27,Finance,Analyst,15,29057,No
E0137,Female,35,HR,HR Manager,2,27204,No
E0138,Male,47,Finance,Analyst,13,25694,No
E0139,Female,50,Sales,Sales Executive,16,62209,No
E0140,Female,31,HR,HR Manager,23,66203,No
E0141,Female,40,IT,Data Analyst,11,56783,No
E0142,Male,47,HR,HR Manager,2,30637,No
E0143,Female,50,Finance,Finance Manager,8,78596,No
E0144,Male,33,Finance,Analyst,13,51082,No
E0145,Female,49,HR,HR Intern,24,32375,No
E0146,Male,23,IT,Data Analyst,7,42304,Yes
E0147,Female,42,IT,Software Engineer,9,44751,No
E0148,Male,37,Finance,Analyst,11,62278,No
E0149,Male,40,IT,Software Engineer,21,95483,Yes
E0150,Female,29,Finance,Analyst,12,75601,No
E0151,Female,25,Finance,Accountant,6,55349,No
E0152,Female,48,Finance,Finance Manager,13,39753,No
E0153,Female,23,Finance,Analyst,10,71873,No
E0154,Male,41,HR,HR Manager,11,42083,Yes
E0155,Female,23,IT,Intern,0,25378,No
E0156,Female,50,Sales,Sales Manager,24,74281,No
E0157,Female,42,HR,HR Intern,10,69398,No
E0158,Female,35,HR,HR Executive,7,56707,Yes
E0159,Male,42,Sales,Sales Executive,9,50661,Yes
E0160,Male,43,HR,HR Intern,12,85507,No
E0161,Female,31,Sales,Sales Executive,4,30600,No
E0162,Male,41,HR,HR Manager,15,92252,No
E0163,Female,28,IT,Intern,15,28454,Yes
E0164,Male,23,HR,HR Manager,18,43226,Yes
E0165,Male,27,HR,HR Executive,21,52663,No
E0166,Female,41,Finance,Accountant,0,67430,No
E0167,Female,36,IT,Data Analyst,17,38331,Yes
E0168,Male,50,Sales,Sales Executive,19,34726,No
E0169,Female,46,IT,Tech Lead,12,93888,No
E0170,Female,33,IT,Intern,14,55248,Yes
E0171,Male,43,HR,HR Executive,7,73304,No
E0172,Male,35,IT,Data Analyst,10,69822,Yes
E0173,Male,45,Finance,Finance Manager,16,70265,Yes
E0174,Female,39,HR,HR Intern,19,35633,No
E0175,Female,42,Sales,Sales Manager,21,27439,No
E0176,Female,25,IT,Intern,17,40366,Yes
E0177,Male,49,IT,Data Analyst,3,50556,Yes
E0178,Female,48,Finance,Finance Manager,12,73005,No
E0179,Male,27,IT,Data Analyst,20,61144,No
E0180,Male,45,Finance,Accountant,22,78752,No
E0181,Male,33,IT,Tech Lead,6,56439,No
E0182,Female,33,Finance,Finance Manager,5,39099,No
E0183,Male,22,IT,Software Engineer,4,23327,No
E0184,Male,46,IT,Data Analyst,16,67104,No
E0185,Female,45,IT,Software Engineer,1,20355,Yes
E0186,Female,32,HR,HR Executive,3,26940,No
E0187,Female,46,HR,HR Executive,7,84114,Yes
E0188,Male,31,Sales,Sales Manager,9,57000,No
E0189,Female,22,Sales,Sales Manager,13,63665,No
E0190,Female,35,Sales,Sales Executive,23,40772,No
E0191,Male,40,Finance,Finance Manager,20,98358,No
E0192,Male,42,HR,HR Executive,3,39529,No
E0193,Female,47,Sales,Sales Executive,7,28275,No
E0194,Male,29,Finance,Analyst,23,31156,No
E0195,Male,48,Sales,Sales Manager,8,63719,Yes
E0196,Female,46,Sales,Sales Executive,1,25119,Yes
E0197,Female,47,Sales,Sales Executive,16,30013,Yes
E0198,Male,27,Sales,Sales Executive,11,88818,Yes
E0199,Male,36,IT,Tech Lead,13,50924,No
E0200,Female,45,HR,HR Executive,6,27634,No
E0201,Female,24,Finance,Accountant,23,56280,No
E0202,Male,40,Finance,Finance Manager,4,34063,No
E0203,Female,36,HR,HR Manager,5,65502,No
E0204,Female,27,Finance,Finance Manager,2,44865,No
E0205,Male,32,IT,Tech Lead,10,50956,Yes
E0206,Male,43,Sales,Sales Manager,8,71314,No
E0207,Male,36,IT,Data Analyst,7,36781,No
E0208,Female,27,Finance,Finance Manager,15,55684,No
E0209,Female,32,IT,Software Engineer,21,88118,No
E0210,Male,28,IT,Data Analyst,17,43700,No
E0211,Male,42,IT,Data Analyst,13,35890,No
E0212,Female,35,Finance,Finance Manager,14,35284,No
E0213,Female,43,HR,HR Executive,4,22071,No
E0214,Female,46,Sales,Sales Executive,15,70314,No
E0215,Male,30,HR,HR Executive,25,78781,Yes
E0216,Female,47,HR,HR Intern,17,47408,No
E0217,Male,47,Finance,Analyst,5,94313,No
E0218,Male,45,Sales,Sales Manager,21,65565,Yes
E0219,Female,33,Sales,Sales Manager,4,67278,Yes
E0220,Male,41,IT,Intern,20,55687,No
E0221,Female,34,Sales,Sales Manager,0,54774,No
E0222,Male,29,Finance,Accountant,17,95663,Yes
E0223,Female,41,Sales,Sales Executive,23,30694,No
E0224,Male,44,IT,Software Engineer,4,58776,No
E0225,Male,50,Sales,Sales Manager,16,56271,No
E0226,Male,26,Finance,Analyst,23,70924,No
E0227,Male,31,IT,Tech Lead,0,74977,No
E0228,Male,47,Finance,Finance Manager,21,20434,No
E0229,Female,37,Finance,Analyst,15,84120,Yes
E0230,Female,30,Sales,Sales Manager,6,63945,No
E0231,Male,32,Finance,Analyst,7,18297,Yes
E0232,Female,35,Finance,Analyst,2,82196,No
E0233,Female,48,Sales,Sales Manager,25,85420,No
E0234,Female,49,Sales,Sales Manager,5,76729,No
E0235,Male,45,Finance,Analyst,3,83556,No
E0236,Female,34,HR,HR Manager,11,45503,No
E0237,Female,39,Sales,Sales Manager,12,21132,No
E0238,Female,42,IT,Intern,18,74036,No
E0239,Male,29,HR,HR Intern,18,34615,No
E0240,Female,36,IT,Intern,23,32132,No
E0241,Female,33,IT,Software Engineer,9,81933,No
E0242,Male,35,HR,HR Intern,18,43871,No
E0243,Female,50,HR,HR Intern,22,76813,No
E0244,Female,41,Finance,Accountant,23,83004,No
E0245,Female,32,HR,HR Intern,3,50206,No
E0246,Male,30,IT,Tech Lead,3,51089,Yes
E0247,Male,37,IT,Software Engineer,17,83778,No
E0248,Male,49,Sales,Sales Manager,0,18438,No
E0249,Male,37,IT,Data Analyst,8,96364,No
E0250,Male,43,HR,HR Executive,25,28122,Yes
E0251,Male,48,Sales,Sales Executive,16,23677,Yes
E0252,Female,44,Sales,Sales Executive,16,82808,No
E0253,Male,50,Sales,Sales Manager,9,56399,Yes
E0254,Male,37,IT,Tech Lead,4,53166,No
E0255,Male,23,HR,HR Intern,21,70225,Yes
E0256,Male,38,HR,HR Intern,15,42789,No
E0257,Male,42,HR,HR Intern,21,79306,No
E0258,Male,42,Sales,Sales Manager,6,56348,Yes
E0259,Female,33,HR,HR Executive,14,44851,No
E0260,Male,44,HR,HR Manager,22,55503,No
E0261,Female,41,Finance,Finance Manager,22,86595,No
E0262,Male,39,Sales,Sales Executive,7,89544,No
E0263,Female,23,Sales,Sales Executive,11,79771,Yes
E0264,Male,35,Sales,Sales Executive,0,18075,No
E0265,Female,37,IT,Data Analyst,16,47646,No
E0266,Male,38,Sales,Sales Executive,12,23196,No
E0267,Male,47,Finance,Accountant,13,55806,No
E0268,Male,35,Finance,Finance Manager,22,65071,No
E0269,Male,49,Sales,Sales Manager,5,93130,Yes
E0270,Male,37,Sales,Sales Executive,18,78657,Yes
E0271,Male,43,Finance,Analyst,7,98350,Yes
E0272,Male,31,HR,HR Intern,9,55140,No
E0273,Female,46,HR,HR Executive,2,46512,Yes
E0274,Female,47,Sales,Sales Executive,9,96039,Yes
E0275,Male,38,HR,HR Intern,23,97179,No
E0276,Female,38,Finance,Accountant,22,97330,No
E0277,Male,28,IT,Data Analyst,1,24909,No
E0278,Female,36,IT,Tech Lead,12,85788,No
E0279,Female,34,Finance,Analyst,2,96654,No
E0280,Female,31,Sales,Sales Executive,10,73390,No
E0281,Female,49,Finance,Analyst,13,84628,No
E0282,Male,29,IT,Software Engineer,15,43126,No
E0283,Female,39,Finance,Finance Manager,1,37152,No
E0284,Male,23,IT,Data Analyst,14,69994,No
E0285,Male,39,Sales,Sales Executive,0,38967,No
E0286,Female,42,Finance,Accountant,7,33996,No
E0287,Female,47,Sales,Sales Executive,9,33089,No
E0288,Male,25,HR,HR Manager,8,85059,Yes
E0289,Female,24,IT,Tech Lead,25,79532,No
E0290,Female,48,Finance,Accountant,16,61085,No
E0291,Female,34,HR,HR Executive,4,33568,Yes
E0292,Female,34,HR,HR Executive,2,76989,No
E0293,Female,36,Finance,Finance Manager,11,56417,No
E0294,Female,25,Sales,Sales Manager,1,72370,No
E0295,Female,22,Finance,Accountant,25,56318,No
E0296,Female,48,Sales,Sales Executive,24,75605,No
E0297,Female,41,IT,Intern,19,95313,No
E0298,Female,34,Finance,Accountant,22,76823,No
E0299,Female,38,Finance,Accountant,23,66864,No
E0300,Female,45,HR,HR Intern,14,70653,Yes
E0301,Female,28,IT,Tech Lead,5,37586,No
E0302,Male,30,HR,HR Manager,24,42052,No
E0303,Male,26,Finance,Finance Manager,8,72405,No
E0304,Female,27,Finance,Accountant,18,46825,No
E0305,Male,24,HR,HR Intern,0,86462,No
E0306,Male,27,HR,HR Intern,6,46261,Yes
E0307,Male,43,HR,HR Intern,25,50320,No
E0308,Female,26,Finance,Analyst,12,48700,No
E0309,Male,48,Sales,Sales Executive,14,93230,No
E0310,Female,31,HR,HR Manager,3,98143,No
E0311,Female,41,Finance,Accountant,2,30483,Yes
E0312,Female,45,IT,Tech Lead,21,83449,No
E0313,Female,42,Sales,Sales Manager,3,86619,No
E0314,Female,50,HR,HR Intern,25,30823,No
E0315,Male,24,Sales,Sales Manager,20,23667,No
E0316,Male,28,Finance,Finance Manager,17,66439,No
E0317,Female,41,Sales,Sales Manager,24,75538,Yes
E0318,Male,50,HR,HR Executive,18,61264,Yes
E0319,Male,34,IT,Software Engineer,5,86292,No
E0320,Female,49,HR,HR Executive,19,78813,No
E0321,Male,47,IT,Intern,2,92421,No
E0322,Female,27,HR,HR Executive,17,65002,No
E0323,Female,31,IT,Data Analyst,25,90369,No
E0324,Male,27,HR,HR Manager,0,34563,No
E0325,Female,45,IT,Intern,9,23652,No
E0326,Male,44,Sales,Sales Executive,0,74597,No
E0327,Female,36,IT,Intern,5,76373,No
E0328,Female,41,HR,HR Manager,14,52769,No
E0329,Female,48,Sales,Sales Manager,16,91220,No
E0330,Male,50,HR,HR Manager,11,67440,Yes
E0331,Male,46,Sales,Sales Manager,9,85786,No
E0332,Male,30,Finance,Analyst,12,77669,No
E0333,Male,37,Sales,Sales Manager,21,51183,Yes
E0334,Female,36,HR,HR Intern,5,49120,No
E0335,Female,41,IT,Tech Lead,0,91410,No
E0336,Male,35,Finance,Analyst,4,29500,No
E0337,Female,35,Sales,Sales Manager,22,46913,No
E0338,Female,31,Sales,Sales Manager,15,43540,Yes
E0339,Female,28,Finance,Accountant,22,65485,No
E0340,Male,26,HR,HR Executive,16,86546,No
E0341,Female,33,Finance,Analyst,7,37588,No
E0342,Female,40,Sales,Sales Manager,22,83652,Yes
E0343,Male,38,Sales,Sales Executive,3,47095,No
E0344,Male,22,IT,Intern,20,51354,No
E0345,Female,49,Sales,Sales Executive,2,55015,No
E0346,Female,50,IT,Data Analyst,0,61841,No
E0347,Female,44,HR,HR Intern,4,44036,No
E0348,Female,45,HR,HR Executive,21,53432,No
E0349,Male,48,Finance,Finance Manager,11,18382,Yes
E0350,Female,43,HR,HR Manager,9,54652,No
E0351,Female,44,Sales,Sales Manager,17,89100,Yes
E0352,Male,49,HR,HR Intern,12,68391,Yes
E0353,Male,28,Sales,Sales Manager,20,56217,No
E0354,Male,29,Sales,Sales Executive,9,39172,No
E0355,Male,41,Finance,Analyst,7,99076,No
E0356,Female,39,Sales,Sales Manager,23,79022,No
E0357,Male,24,Sales,Sales Executive,14,51105,Yes
E0358,Male,43,Finance,Accountant,11,53978,No
E0359,Male,31,Sales,Sales Manager,0,74823,Yes
E0360,Female,41,Sales,Sales Manager,13,23572,Yes
E0361,Female,43,Sales,Sales Manager,4,99508,No
E0362,Male,39,Sales,Sales Manager,2,83912,Yes
E0363,Male,41,IT,Intern,18,80138,Yes
E0364,Female,25,Sales,Sales Executive,8,93438,No
E0365,Female,38,Finance,Accountant,2,91369,No
E0366,Female,40,Finance,Accountant,19,88428,Yes
E0367,Male,50,Finance,Accountant,24,21952,Yes
E0368,Male,48,IT,Intern,4,42802,No
E0369,Female,47,IT,Intern,16,97400,No
E0370,Male,48,HR,HR Manager,13,91510,Yes
E0371,Male,38,IT,Tech Lead,9,76579,No
E0372,Male,50,Finance,Accountant,2,99188,No
E0373,Male,44,IT,Tech Lead,17,51963,No
E0374,Female,36,Finance,Analyst,18,53807,No
E0375,Female,50,IT,Data Analyst,14,50849,No
E0376,Female,50,HR,HR Manager,3,76600,Yes
E0377,Male,36,HR,HR Executive,22,85111,No
E0378,Female,39,Sales,Sales Executive,14,31233,No
E0379,Male,22,IT,Intern,10,58475,No
E0380,Female,49,IT,Tech Lead,11,54688,Yes
E0381,Male,47,IT,Tech Lead,3,57606,No
E0382,Male,33,Finance,Analyst,24,50397,No
E0383,Male,31,Sales,Sales Executive,20,67706,No
E0384,Female,37,HR,HR Intern,21,19997,Yes
E0385,Male,28,IT,Intern,18,57700,No
E0386,Male,49,IT,Intern,10,24412,No
E0387,Female,33,IT,Software Engineer,24,99069,Yes
E0388,Male,36,IT,Intern,2,38601,No
E0389,Male,40,IT,Software Engineer,25,60490,Yes
E0390,Female,24,HR,HR Intern,9,63431,Yes
E0391,Female,44,Sales,Sales Executive,15,86383,No
E0392,Female,44,Sales,Sales Executive,23,97517,No
E0393,Female,39,Finance,Accountant,23,19137,Yes
E0394,Female,24,HR,HR Intern,14,39830,Yes
E0395,Female,47,Finance,Analyst,6,80188,No
E0396,Female,45,IT,Tech Lead,11,35768,No
E0397,Female,37,Sales,Sales Executive,8,89351,No
E0398,Male,48,IT,Tech Lead,24,75889,Yes
E0399,Female,42,Finance,Finance Manager,24,60955,No
E0400,Male,50,IT,Intern,15,79549,No
E0401,Female,29,Finance,Accountant,14,77911,No
E0402,Male,41,HR,HR Executive,14,83786,No
E0403,Male,42,IT,Tech Lead,6,59926,No
E0404,Male,32,Sales,Sales Executive,23,79807,Yes
E0405,Male,23,Sales,Sales Manager,11,46511,No
E0406,Female,46,Sales,Sales Manager,0,48740,No
E0407,Male,48,IT,Software Engineer,6,44138,No
E0408,Female,22,IT,Tech Lead,2,57019,No
E0409,Female,28,Sales,Sales Manager,24,69459,No
E0410,Male,31,Finance,Finance Manager,8,99176,No
E0411,Male,33,Sales,Sales Executive,6,37422,No
E0412,Male,25,Finance,Accountant,25,46934,No
E0413,Female,33,Finance,Analyst,7,59511,Yes
E0414,Male,48,HR,HR Manager,24,32450,No
E0415,Female,27,HR,HR Intern,25,67185,No
E0416,Female,49,Finance,Finance Manager,16,54510,Yes
E0417,Male,47,Finance,Finance Manager,22,73793,No
E0418,Female,39,HR,HR Manager,23,49235,No
E0419,Male,25,IT,Intern,20,49230,No
E0420,Male,26,IT,Intern,12,25381,No
E0421,Male,28,Finance,Analyst,16,53370,No
E0422,Female,38,Finance,Finance Manager,21,66160,Yes
E0423,Male,33,Finance,Analyst,17,56836,No
E0424,Male,35,IT,Intern,2,64896,No
E0425,Male,27,IT,Data Analyst,11,65639,Yes
E0426,Male,26,IT,Intern,19,98087,Yes
E0427,Male,42,Finance,Analyst,20,29068,No
E0428,Female,48,IT,Data Analyst,14,85306,Yes
E0429,Male,48,Sales,Sales Manager,17,90041,No
E0430,Female,47,Finance,Analyst,12,62472,No
E0431,Male,24,HR,HR Intern,15,87892,Yes
E0432,Female,37,Finance,Finance Manager,16,67695,No
E0433,Male,38,Finance,Accountant,4,90426,No
E0434,Male,36,HR,HR Executive,5,63447,No
E0435,Female,34,Finance,Accountant,24,42510,No
E0436,Female,36,HR,HR Intern,12,36673,No
E0437,Female,48,IT,Data Analyst,22,23966,Yes
E0438,Female,44,IT,Tech Lead,19,65674,No
E0439,Male,39,HR,HR Executive,20,63603,No
E0440,Female,38,IT,Software Engineer,20,89472,No
E0441,Female,25,HR,HR Manager,4,20759,No
E0442,Male,45,Sales,Sales Manager,16,98551,Yes
E0443,Male,34,HR,HR Manager,15,75117,No
E0444,Male,27,Finance,Accountant,24,43207,Yes
E0445,Male,35,HR,HR Manager,2,80378,Yes
E0446,Male,41,Sales,Sales Executive,22,47774,Yes
E0447,Female,50,HR,HR Intern,13,26317,No
E0448,Female,23,Sales,Sales Executive,19,97327,No
E0449,Female,48,IT,Data Analyst,1,43190,No
E0450,Male,39,HR,HR Executive,2,52967,No
E0451,Male,41,HR,HR Manager,12,20414,No
E0452,Female,23,HR,HR Executive,5,66896,Yes
E0453,Male,34,Finance,Analyst,1,73016,No
E0454,Male,28,Finance,Analyst,25,62757,No
E0455,Male,30,IT,Intern,19,85838,No
E0456,Male,37,Finance,Accountant,6,41948,Yes
E0457,Female,50,HR,HR Intern,2,39195,No
E0458,Female,41,Sales,Sales Executive,13,20043,Yes
E0459,Male,23,IT,Intern,5,26958,No
E0460,Female,33,HR,HR Executive,8,27771,No
E0461,Male,31,Sales,Sales Manager,1,57890,No
E0462,Male,29,Sales,Sales Manager,1,91943,Yes
E0463,Male,22,Sales,Sales Executive,6,76529,Yes
E0464,Female,31,IT,Data Analyst,2,18035,No
E0465,Male,32,Finance,Analyst,2,72699,Yes
E0466,Female,33,HR,HR Executive,21,44691,No
E0467,Male,36,HR,HR Manager,23,18831,No
E0468,Male,40,Finance,Analyst,14,99016,No
E0469,Female,28,HR,HR Manager,23,33192,No
E0470,Male,48,Sales,Sales Executive,23,93348,No
E0471,Male,31,HR,HR Manager,9,18953,Yes
E0472,Male,43,HR,HR Manager,10,26364,No
E0473,Male,32,Sales,Sales Manager,13,57738,Yes
E0474,Male,49,Sales,Sales Executive,8,23087,No
E0475,Male,31,HR,HR Intern,4,75464,No
E0476,Male,44,Finance,Finance Manager,19,50122,No
E0477,Female,37,HR,HR Manager,18,24688,No
E0478,Female,40,Finance,Finance Manager,5,89725,No
E0479,Female,28,Sales,Sales Manager,10,74450,Yes
E0480,Female,41,Sales,Sales Executive,19,56379,No
E0481,Female,24,Sales,Sales Manager,13,29315,No
E0482,Male,31,HR,HR Manager,2,25565,Yes
E0483,Female,45,HR,HR Executive,24,85962,No
E0484,Female,31,Sales,Sales Manager,1,39609,No
E0485,Male,32,HR,HR Executive,14,51523,No
E0486,Female,31,IT,Software Engineer,17,25792,Yes
E0487,Female,44,IT,Intern,7,79635,Yes
E0488,Female,35,Finance,Analyst,19,80643,Yes
E0489,Male,45,HR,HR Intern,23,28067,No
E0490,Female,44,IT,Software Engineer,0,39671,No
E0491,Female,24,Sales,Sales Manager,23,53639,No
E0492,Male,38,Sales,Sales Manager,24,30965,Yes
E0493,Female,35,HR,HR Intern,3,34643,No
E0494,Female,33,IT,Intern,23,23620,Yes
E0495,Female,41,IT,Software Engineer,21,71221,Yes
E0496,Male,41,IT,Software Engineer,2,86167,No
E0497,Female,27,Sales,Sales Manager,23,67754,No
E0498,Male,50,HR,HR Manager,20,63086,Yes
E0499,Male,25,Finance,Analyst,14,52710,No
E0500,Male,25,IT,Software Engineer,15,44149,No
E0501,Male,49,IT,Tech Lead,12,41903,No
E0502,Male,28,IT,Intern,2,60767,No
E0503,Male,22,Finance,Accountant,23,51650,No
E0504,Female,44,Sales,Sales Executive,7,67296,No
E0505,Female,39,IT,Software Engineer,18,92200,No
E0506,Male,42,HR,HR Manager,9,87756,No
E0507,Male,34,HR,HR Intern,23,62960,No
E0508,Female,34,HR,HR Executive,23,39316,No
E0509,Male,48,Sales,Sales Executive,19,29447,No
E0510,Male,30,IT,Intern,16,89254,Yes
E0511,Female,23,Finance,Finance Manager,12,59685,No
E0512,Male,32,Finance,Finance Manager,3,83253,No
E0513,Female,29,Finance,Analyst,14,89684,No
E0514,Female,34,Sales,Sales Manager,2,47608,No
E0515,Female,34,Sales,Sales Manager,16,54545,No
E0516,Female,32,IT,Software Engineer,2,62791,No
E0517,Female,30,Sales,Sales Manager,15,71861,No
E0518,Male,38,IT,Software Engineer,15,71993,Yes
E0519,Female,38,Finance,Analyst,24,95374,No
E0520,Male,39,Finance,Accountant,6,96372,No
E0521,Male,28,Finance,Analyst,13,65438,Yes
E0522,Female,22,HR,HR Intern,17,48663,No
E0523,Male,30,Sales,Sales Manager,6,93676,Yes
E0524,Female,22,Finance,Accountant,25,24726,No
E0525,Male,38,HR,HR Executive,11,59318,Yes
E0526,Female,47,IT,Tech Lead,15,82708,No
E0527,Male,49,HR,HR Intern,11,76492,Yes
E0528,Female,49,HR,HR Manager,6,35261,Yes
E0529,Male,37,Finance,Accountant,16,98074,No
E0530,Female,38,Finance,Analyst,25,63240,No
E0531,Female,37,Finance,Accountant,21,79968,No
E0532,Female,31,HR,HR Executive,1,99657,No
E0533,Female,36,HR,HR Manager,19,83742,No
E0534,Female,47,HR,HR Executive,4,90874,No
E0535,Male,28,IT,Tech Lead,1,47627,No
E0536,Male,23,Sales,Sales Manager,5,39490,Yes
E0537,Female,41,IT,Tech Lead,21,85439,No
E0538,Male,40,IT,Intern,2,91813,No
E0539,Male,49,IT,Tech Lead,4,50595,Yes
E0540,Male,25,IT,Tech Lead,15,89144,Yes
E0541,Female,38,IT,Data Analyst,7,57833,No
E0542,Female,33,HR,HR Intern,13,66417,Yes
E0543,Male,24,HR,HR Intern,1,34877,No
E0544,Male,30,HR,HR Executive,5,78228,No
E0545,Male,42,Sales,Sales Manager,24,30631,No
E0546,Male,23,Sales,Sales Manager,18,62814,No
E0547,Female,44,Sales,Sales Executive,21,21721,Yes
E0548,Female,23,Sales,Sales Manager,12,41329,No
E0549,Male,36,Sales,Sales Manager,3,70600,No
E0550,Male,30,IT,Intern,5,73255,No
E0551,Male,38,HR,HR Manager,24,61585,No
E0552,Male,40,Finance,Finance Manager,1,79947,No
E0553,Female,45,Sales,Sales Manager,8,18870,No
E0554,Female,39,HR,HR Intern,5,45657,No
E0555,Male,44,Finance,Analyst,2,19299,Yes
E0556,Male,48,IT,Intern,16,25347,No
E0557,Female,25,HR,HR Intern,2,75719,No
E0558,Male,29,IT,Data Analyst,18,32831,No
E0559,Male,43,Sales,Sales Executive,0,60540,Yes
E0560,Male,25,IT,Tech Lead,5,83390,No
E0561,Female,49,Sales,Sales Manager,18,82435,No
E0562,Male,46,Sales,Sales Manager,16,64197,Yes
E0563,Male,39,Finance,Finance Manager,9,26688,Yes
E0564,Female,28,HR,HR Intern,2,49527,No
E0565,Male,35,Sales,Sales Manager,25,88751,No
E0566,Female,43,IT,Software Engineer,2,93733,Yes
E0567,Male,22,Finance,Accountant,0,46818,No
E0568,Female,46,Finance,Finance Manager,3,53395,Yes
E0569,Male,36,HR,HR Executive,10,53126,No
E0570,Female,37,Sales,Sales Manager,25,51440,No
E0571,Male,48,Finance,Accountant,23,86332,No
E0572,Male,38,IT,Software Engineer,13,93984,No
E0573,Male,45,HR,HR Intern,25,54067,Yes
E0574,Male,25,Finance,Accountant,21,32672,No
E0575,Male,24,HR,HR Manager,25,27705,No
E0576,Male,50,HR,HR Manager,22,86607,No
E0577,Male,35,HR,HR Intern,13,75467,No
E0578,Male,27,Finance,Accountant,10,51175,No
E0579,Male,26,IT,Software Engineer,14,88611,No
E0580,Male,38,Sales,Sales Manager,17,81617,No
E0581,Female,33,HR,HR Executive,10,54945,Yes
E0582,Female,28,Finance,Accountant,7,77580,No
E0583,Male,43,Sales,Sales Manager,20,58158,No
E0584,Male,39,IT,Software Engineer,25,63720,Yes
E0585,Male,48,IT,Intern,13,50061,No
E0586,Female,25,Sales,Sales Executive,16,81180,No
E0587,Male,39,HR,HR Intern,13,52502,Yes
E0588,Female,39,HR,HR Executive,14,23539,Yes
E0589,Male,47,Finance,Accountant,15,94242,No
E0590,Male,43,Sales,Sales Manager,24,63816,Yes
E0591,Female,34,HR,HR Intern,13,41201,No
E0592,Male,46,HR,HR Intern,6,45176,No
E0593,Male,42,HR,HR Manager,18,18779,No
E0594,Male,41,IT,Tech Lead,12,78370,No
E0595,Male,29,Finance,Finance Manager,7,74331,No
E0596,Male,48,Sales,Sales Manager,17,54266,No
E0597,Female,39,IT,Software Engineer,5,55833,No
E0598,Male,45,Finance,Accountant,0,67728,Yes
E0599,Male,39,HR,HR Manager,5,59234,Yes
E0600,Male,35,HR,HR Intern,19,23861,No
E0601,Male,44,IT,Data Analyst,21,60290,No
E0602,Female,24,Sales,Sales Executive,4,23009,No
E0603,Male,38,HR,HR Intern,20,48461,Yes
E0604,Female,30,Finance,Analyst,7,29342,No
E0605,Female,48,HR,HR Intern,5,53644,No
E0606,Male,34,HR,HR Executive,21,23775,No
E0607,Male,34,Finance,Finance Manager,12,58517,No
E0608,Male,40,IT,Data Analyst,4,60847,Yes
E0609,Male,38,IT,Software Engineer,10,84457,No
E0610,Female,35,HR,HR Executive,19,58925,Yes
E0611,Male,24,IT,Data Analyst,5,34639,Yes
E0612,Male,22,HR,HR Manager,19,89938,Yes
E0613,Female,44,HR,HR Manager,8,20827,Yes
E0614,Female,26,Finance,Accountant,24,66503,No
E0615,Female,39,HR,HR Intern,13,84666,No
E0616,Female,38,Sales,Sales Executive,19,74014,No
E0617,Female,44,HR,HR Intern,14,82705,No
E0618,Female,49,IT,Intern,2,29520,No
E0619,Female,42,Finance,Analyst,1,27258,No
E0620,Female,30,IT,Data Analyst,18,67165,Yes
E0621,Female,30,HR,HR Manager,13,30878,No
E0622,Male,44,Sales,Sales Executive,13,98513,No
E0623,Female,36,Finance,Finance Manager,17,71212,No
E0624,Female,49,Sales,Sales Executive,22,81960,No
E0625,Female,48,IT,Software Engineer,25,31987,Yes
E0626,Male,28,Sales,Sales Manager,11,80731,No
E0627,Female,23,IT,Data Analyst,19,67327,No
E0628,Female,24,IT,Intern,22,91787,No
E0629,Female,43,Finance,Finance Manager,18,19474,No
E0630,Female,49,IT,Intern,17,35363,No
E0631,Female,35,HR,HR Executive,22,52975,No
E0632,Male,32,Sales,Sales Manager,21,53177,Yes
E0633,Male,42,Sales,Sales Executive,23,40287,No
E0634,Male,30,HR,HR Executive,0,93676,No
E0635,Male,50,Sales,Sales Manager,23,19077,Yes
E0636,Female,35,Finance,Analyst,8,42989,Yes
E0637,Female,40,HR,HR Intern,6,89928,Yes
E0638,Male,23,Finance,Analyst,10,98773,Yes
E0639,Female,37,Finance,Analyst,9,57957,No
E0640,Female,22,HR,HR Executive,23,96641,No
E0641,Male,45,Finance,Analyst,22,92412,Yes
E0642,Female,46,IT,Tech Lead,1,83280,No
E0643,Female,26,HR,HR Manager,5,39787,No
E0644,Female,43,Sales,Sales Manager,25,49122,No
E0645,Female,43,IT,Tech Lead,5,62031,No
E0646,Female,44,Sales,Sales Manager,24,27393,Yes
E0647,Male,26,Finance,Accountant,15,58206,No
E0648,Male,32,Finance,Finance Manager,16,25718,No
E0649,Female,43,IT,Tech Lead,21,68391,No
E0650,Male,30,IT,Data Analyst,20,43557,Yes
E0651,Male,46,Sales,Sales Manager,13,72706,No
E0652,Male,48,IT,Tech Lead,6,55654,No
E0653,Female,39,IT,Tech Lead,19,86688,No
E0654,Female,43,IT,Software Engineer,22,99223,No
E0655,Female,38,Finance,Analyst,22,21193,No
E0656,Male,34,IT,Software Engineer,2,29097,No
E0657,Male,46,Sales,Sales Manager,7,61826,Yes
E0658,Female,31,IT,Software Engineer,7,29816,Yes
E0659,Male,38,Finance,Finance Manager,14,24796,No
E0660,Female,49,Finance,Accountant,16,56480,Yes
E0661,Female,47,HR,HR Intern,7,44398,No
E0662,Male,33,Sales,Sales Manager,14,77900,Yes
E0663,Female,39,Sales,Sales Executive,17,86589,Yes
E0664,Male,45,HR,HR Manager,23,39684,No
E0665,Female,42,Sales,Sales Manager,8,86242,No
E0666,Male,28,IT,Data Analyst,6,55259,Yes
E0667,Male,38,HR,HR Executive,15,46318,No
E0668,Male,36,Sales,Sales Manager,24,73442,No
E0669,Female,26,IT,Tech Lead,8,91159,Yes
E0670,Male,40,HR,HR Executive,3,35396,No
E0671,Male,39,IT,Data Analyst,9,25162,No
E0672,Female,28,Sales,Sales Executive,1,32624,Yes
E0673,Female,40,Sales,Sales Manager,6,51704,No
E0674,Male,23,IT,Data Analyst,15,47313,No
E0675,Female,43,IT,Tech Lead,25,28971,No
E0676,Male,25,Sales,Sales Manager,6,84694,No
E0677,Male,41,Finance,Finance Manager,20,75455,Yes
E0678,Female,25,HR,HR Manager,24,42220,No
E0679,Female,39,Finance,Accountant,22,25056,No
E0680,Female,38,HR,HR Intern,14,80890,No
E0681,Male,43,Sales,Sales Executive,20,22678,No
E0682,Female,45,IT,Data Analyst,24,53193,No
E0683,Male,45,Sales,Sales Manager,16,80393,No
E0684,Male,44,Sales,Sales Manager,1,30660,No
E0685,Female,35,IT,Intern,5,70226,No
E0686,Male,32,Finance,Finance Manager,1,31530,No
E0687,Male,39,HR,HR Executive,14,52913,No
E0688,Female,28,Sales,Sales Manager,15,63896,No
E0689,Male,39,IT,Software Engineer,9,36312,No
E0690,Female,44,Sales,Sales Executive,6,68486,No
E0691,Female,47,HR,HR Manager,25,23927,No
E0692,Male,39,HR,HR Manager,16,66597,Yes
E0693,Male,31,Sales,Sales Executive,21,69214,Yes
E0694,Male,44,Sales,Sales Manager,23,91128,Yes
E0695,Male,28,Finance,Analyst,14,76970,No
E0696,Male,41,IT,Intern,6,26331,Yes
E0697,Male,47,IT,Software Engineer,12,51811,No
E0698,Female,39,IT,Intern,25,20968,No
E0699,Female,45,Finance,Finance Manager,11,70577,No
E0700,Male,26,HR,HR Intern,18,27300,No
E0701,Female,43,Finance,Finance Manager,0,91375,No
E0702,Male,49,HR,HR Intern,21,54380,No
E0703,Female,32,Finance,Finance Manager,11,21416,No
E0704,Male,36,Sales,Sales Manager,17,87289,No
E0705,Female,46,Sales,Sales Executive,18,51181,No
E0706,Male,33,IT,Intern,19,18458,Yes
E0707,Male,27,Finance,Analyst,11,92823,Yes
E0708,Female,35,Sales,Sales Manager,2,54523,No
E0709,Male,31,IT,Tech Lead,19,90597,No
E0710,Male,29,Finance,Analyst,12,96889,No
E0711,Female,28,Sales,Sales Executive,1,25785,No
E0712,Male,26,Finance,Analyst,20,30129,No
E0713,Female,43,HR,HR Manager,7,66064,No
E0714,Female,27,Finance,Analyst,6,89062,No
E0715,Male,36,Finance,Analyst,9,83522,No
E0716,Male,33,Finance,Analyst,7,81202,No
E0717,Male,36,Finance,Finance Manager,25,83541,No
E0718,Male,40,HR,HR Executive,25,56907,Yes
E0719,Female,22,Sales,Sales Manager,9,60870,No
E0720,Male,50,Finance,Analyst,17,82258,No
E0721,Female,35,HR,HR Intern,22,21096,Yes
E0722,Female,35,Sales,Sales Executive,15,54852,No
E0723,Male,38,IT,Tech Lead,0,57395,No
E0724,Male,28,IT,Data Analyst,19,21597,No
E0725,Male,42,HR,HR Intern,25,67682,Yes
E0726,Female,30,Finance,Analyst,18,50145,Yes
E0727,Male,30,Sales,Sales Manager,6,65378,No
E0728,Male,26,IT,Data Analyst,22,57757,No
E0729,Male,29,Finance,Finance Manager,19,21468,No
E0730,Female,41,Finance,Finance Manager,14,48378,Yes
E0731,Female,36,Finance,Analyst,0,90373,No
E0732,Female,38,IT,Data Analyst,8,70248,No
E0733,Male,45,IT,Intern,18,85887,Yes
E0734,Male,31,Sales,Sales Executive,0,38119,Yes
E0735,Female,41,IT,Intern,23,92081,No
E0736,Male,24,Finance,Finance Manager,22,63801,No
E0737,Male,30,IT,Software Engineer,12,53387,No
E0738,Female,22,Finance,Finance Manager,25,75950,No
E0739,Female,24,IT,Software Engineer,11,77201,No
E0740,Male,24,Sales,Sales Executive,16,59644,No
E0741,Female,29,HR,HR Intern,3,68879,No
E0742,Female,39,Sales,Sales Manager,18,90886,Yes
E0743,Male,40,Sales,Sales Manager,15,36496,No
E0744,Male,39,HR,HR Executive,12,74723,No
E0745,Female,25,IT,Software Engineer,16,34008,No
E0746,Male,29,Sales,Sales Manager,0,66679,No
E0747,Female,30,Finance,Analyst,20,71431,No
E0748,Female,42,HR,HR Manager,20,75489,No
E0749,Male,31,HR,HR Intern,2,74700,No
E0750,Male,50,Sales,Sales Executive,16,72981,No
E0751,Female,48,HR,HR Manager,4,20350,No
E0752,Female,31,HR,HR Intern,16,82257,No
E0753,Female,29,Sales,Sales Executive,13,86907,Yes
E0754,Female,41,IT,Software Engineer,14,91333,No
E0755,Female,45,Finance,Analyst,23,53030,No
E0756,Female,48,HR,HR Executive,15,29053,No
E0757,Female,23,IT,Data Analyst,11,88820,No
E0758,Female,23,IT,Software Engineer,7,46679,Yes
E0759,Male,48,Sales,Sales Executive,21,76395,No
E0760,Female,30,IT,Software Engineer,1,43990,No
E0761,Male,41,Finance,Accountant,7,32718,No
E0762,Female,24,Sales,Sales Executive,18,81179,Yes
E0763,Female,34,HR,HR Intern,25,75463,No
E0764,Male,47,Sales,Sales Manager,9,48851,No
E0765,Female,30,IT,Intern,12,56491,Yes
E0766,Female,40,IT,Tech Lead,17,97728,No
E0767,Male,24,IT,Software Engineer,4,57061,No
E0768,Male,48,Sales,Sales Manager,11,84497,No
E0769,Female,31,Sales,Sales Manager,21,93698,No
E0770,Female,48,Sales,Sales Manager,16,62107,No
E0771,Female,26,Finance,Finance Manager,22,84420,No
E0772,Male,40,IT,Software Engineer,22,19459,No
E0773,Female,36,IT,Data Analyst,25,88766,No
E0774,Female,39,IT,Intern,17,96470,No
E0775,Male,30,Finance,Accountant,15,50159,Yes
E0776,Female,38,HR,HR Intern,0,85532,Yes
E0777,Male,32,Finance,Finance Manager,7,66371,No
E0778,Female,33,Sales,Sales Executive,15,71288,No
E0779,Male,34,Sales,Sales Manager,18,92237,No
E0780,Female,48,Finance,Finance Manager,9,61670,Yes
E0781,Male,34,IT,Software Engineer,25,95040,No
E0782,Female,46,Finance,Analyst,19,19598,No
E0783,Male,27,Sales,Sales Manager,8,52126,No
E0784,Female,41,Sales,Sales Executive,15,70496,No
E0785,Female,31,HR,HR Manager,9,82147,No
E0786,Female,40,HR,HR Intern,8,41353,Yes
E0787,Female,44,Sales,Sales Manager,12,83191,No
E0788,Male,33,IT,Intern,23,40471,No
E0789,Female,30,Sales,Sales Manager,17,49532,Yes
E0790,Female,47,HR,HR Intern,16,20096,No
E0791,Male,23,HR,HR Manager,12,51178,Yes
E0792,Female,39,Finance,Finance Manager,3,82815,Yes
E0793,Female,35,HR,HR Intern,19,46281,No
E0794,Male,35,HR,HR Intern,10,68996,Yes
E0795,Male,32,Finance,Analyst,18,36800,No
E0796,Female,47,IT,Software Engineer,11,68766,No
E0797,Female,45,IT,Tech Lead,1,61945,No
E0798,Male,36,Finance,Analyst,18,33911,Yes
E0799,Male,47,HR,HR Intern,7,70652,No
E0800,Male,24,Finance,Accountant,11,26475,No
E0801,Male,43,Sales,Sales Manager,0,31091,No
E0802,Male,34,Sales,Sales Executive,1,54415,No
E0803,Male,36,Sales,Sales Manager,19,74451,Yes
E0804,Male,34,Sales,Sales Executive,23,43323,No
E0805,Female,37,Finance,Analyst,19,22865,No
E0806,Female,49,IT,Tech Lead,2,82625,No
E0807,Male,30,Sales,Sales Executive,1,36526,Yes
E0808,Male,24,Sales,Sales Manager,2,69612,No
E0809,Male,22,Sales,Sales Manager,3,23175,No
E0810,Female,37,IT,Intern,7,60155,No
E0811,Female,47,Sales,Sales Manager,18,86872,No
E0812,Female,45,IT,Software Engineer,21,99639,No
E0813,Male,22,Finance,Analyst,19,21851,No
E0814,Female,23,Finance,Analyst,5,31318,Yes
E0815,Male,34,Finance,Analyst,19,40024,Yes
E0816,Female,28,Sales,Sales Executive,10,62922,No
E0817,Female,27,HR,HR Manager,7,30164,Yes
E0818,Male,38,IT,Tech Lead,25,40924,No
E0819,Female,44,IT,Data Analyst,25,57284,No
E0820,Female,35,Sales,Sales Executive,10,89719,No
E0821,Male,40,Sales,Sales Executive,1,18777,Yes
E0822,Female,25,HR,HR Intern,5,43158,Yes
E0823,Female,37,Finance,Accountant,16,53475,No
E0824,Female,50,Sales,Sales Executive,13,56793,No
E0825,Female,38,IT,Intern,5,57465,No
E0826,Female,36,Sales,Sales Manager,10,79185,No
E0827,Male,32,HR,HR Manager,20,47693,No
E0828,Female,33,IT,Software Engineer,7,80668,Yes
E0829,Female,26,Sales,Sales Manager,11,81229,No
E0830,Female,39,HR,HR Intern,3,55222,No
E0831,Male,50,IT,Intern,18,53432,No
E0832,Female,48,IT,Tech Lead,10,23731,No
E0833,Male,49,IT,Intern,15,34322,No
E0834,Male,22,Finance,Accountant,24,62834,No
E0835,Female,46,IT,Tech Lead,21,19182,No
E0836,Female,44,IT,Data Analyst,11,54885,No
E0837,Male,45,Sales,Sales Manager,12,91838,No
E0838,Female,48,Finance,Finance Manager,5,57570,No
E0839,Male,46,IT,Data Analyst,18,83024,No
E0840,Male,39,HR,HR Executive,3,56807,No
E0841,Male,48,HR,HR Manager,23,75922,No
E0842,Female,27,Finance,Analyst,9,69613,No
E0843,Female,39,HR,HR Executive,18,60559,No
E0844,Female,50,Finance,Finance Manager,19,62807,No
E0845,Male,30,Sales,Sales Manager,22,25372,No
E0846,Male,35,Finance,Finance Manager,19,59906,No
E0847,Male,37,Finance,Finance Manager,24,61747,Yes
E0848,Female,47,Finance,Finance Manager,21,26229,No
E0849,Male,31,Finance,Accountant,8,83625,No
E0850,Female,26,IT,Data Analyst,19,57035,No
E0851,Male,39,HR,HR Executive,8,28906,No
E0852,Female,33,Finance,Accountant,4,36640,Yes
E0853,Male,42,HR,HR Manager,1,18573,Yes
E0854,Male,43,HR,HR Executive,7,77469,No
E0855,Male,49,Sales,Sales Manager,0,46291,No
E0856,Female,45,IT,Software Engineer,25,30787,No
E0857,Male,35,HR,HR Executive,1,37915,No
E0858,Male,50,IT,Data Analyst,12,55353,No
E0859,Male,34,Sales,Sales Executive,4,29298,Yes
E0860,Male,25,Sales,Sales Executive,4,48379,No
E0861,Male,37,Finance,Analyst,24,54102,No
E0862,Male,33,Sales,Sales Executive,21,43212,No
E0863,Male,50,IT,Data Analyst,6,55929,Yes
E0864,Female,44,IT,Intern,15,69089,No
E0865,Female,35,HR,HR Executive,11,97120,No
E0866,Male,27,IT,Software Engineer,2,52128,No
E0867,Male,22,Sales,Sales Manager,10,39491,No
E0868,Female,40,HR,HR Manager,17,33202,Yes
E0869,Male,43,Sales,Sales Executive,23,33794,No
E0870,Female,25,HR,HR Intern,25,64473,Yes
E0871,Male,39,HR,HR Intern,20,96336,No
E0872,Male,26,Sales,Sales Manager,13,61556,No
E0873,Male,38,IT,Data Analyst,23,74931,No
E0874,Male,38,IT,Software Engineer,22,96838,No
E0875,Female,28,HR,HR Executive,18,65653,No
E0876,Female,28,IT,Tech Lead,10,71513,No
E0877,Female,26,HR,HR Executive,20,48941,No
E0878,Male,39,Finance,Analyst,1,77787,No
E0879,Female,41,Sales,Sales Executive,22,92832,No
E0880,Male,45,HR,HR Executive,5,88629,No
E0881,Female,40,HR,HR Intern,23,78488,No
E0882,Male,37,Sales,Sales Executive,19,74206,No
E0883,Male,23,HR,HR Intern,7,33210,No
E0884,Female,22,Sales,Sales Manager,16,42876,Yes
E0885,Male,47,Sales,Sales Manager,17,54657,Yes
E0886,Female,32,Sales,Sales Manager,10,23153,No
E0887,Male,27,IT,Software Engineer,12,66929,No
E0888,Male,38,Finance,Analyst,11,52803,No
E0889,Male,31,IT,Intern,0,82173,No
E0890,Female,43,IT,Software Engineer,1,32492,Yes
E0891,Female,26,Finance,Accountant,14,72296,No
E0892,Male,26,HR,HR Executive,20,24626,No
E0893,Female,45,IT,Tech Lead,13,22858,No
E0894,Female,22,Finance,Finance Manager,25,27928,Yes
E0895,Male,47,Sales,Sales Executive,0,21747,No
E0896,Female,45,IT,Software Engineer,6,18414,No
E0897,Female,24,IT,Software Engineer,3,91809,Yes
E0898,Female,48,Finance,Analyst,18,46618,No
E0899,Female,28,Sales,Sales Manager,4,80442,No
E0900,Male,39,Finance,Accountant,10,86289,No
E0901,Male,49,HR,HR Manager,11,72072,Yes
E0902,Male,44,Sales,Sales Manager,12,87508,No
E0903,Male,25,IT,Software Engineer,10,89870,No
E0904,Female,37,Finance,Finance Manager,12,69245,Yes
E0905,Male,47,Finance,Accountant,6,78261,Yes
E0906,Male,32,IT,Tech Lead,0,83559,Yes
E0907,Female,29,HR,HR Manager,7,34634,Yes
E0908,Female,41,IT,Tech Lead,9,24805,Yes
E0909,Male,25,Sales,Sales Executive,25,70017,No
E0910,Female,32,IT,Intern,25,58752,No
E0911,Female,32,Sales,Sales Executive,11,51748,Yes
E0912,Male,46,Sales,Sales Executive,17,98187,No
E0913,Female,39,Sales,Sales Manager,7,79329,No
E0914,Male,44,Sales,Sales Executive,19,66445,Yes
E0915,Female,50,Sales,Sales Manager,0,76474,No
E0916,Male,35,IT,Software Engineer,18,39966,Yes
E0917,Female,29,Sales,Sales Executive,11,54628,No
E0918,Male,34,Finance,Accountant,2,24605,No
E0919,Female,45,IT,Intern,23,20840,No
E0920,Male,47,HR,HR Intern,16,66232,No
E0921,Female,49,Sales,Sales Executive,24,28994,No
E0922,Female,23,Sales,Sales Manager,0,92246,No
E0923,Female,43,Sales,Sales Executive,12,73483,No
E0924,Male,48,HR,HR Intern,1,89893,No
E0925,Male,26,Finance,Analyst,19,27972,No
E0926,Female,33,Finance,Finance Manager,17,89102,No
E0927,Female,24,Sales,Sales Executive,24,19384,No
E0928,Female,47,IT,Tech Lead,19,26527,Yes
E0929,Male,50,Finance,Accountant,3,41133,Yes
E0930,Female,40,Finance,Finance Manager,11,57725,No
E0931,Female,29,HR,HR Intern,6,73342,No
E0932,Male,36,Finance,Finance Manager,2,70662,No
E0933,Male,29,Sales,Sales Manager,20,75172,No
E0934,Male,48,Sales,Sales Manager,6,83761,No
E0935,Male,42,Sales,Sales Executive,24,73073,No
E0936,Male,49,Finance,Accountant,20,22402,No
E0937,Female,48,HR,HR Intern,25,67307,No
E0938,Male,36,IT,Software Engineer,19,81119,No
E0939,Female,34,Sales,Sales Executive,12,58349,No
E0940,Male,32,Finance,Accountant,2,71751,No
E0941,Male,35,IT,Intern,6,48608,Yes
E0942,Male,35,Finance,Accountant,0,53171,No
E0943,Male,30,Finance,Finance Manager,22,63375,Yes
E0944,Male,25,Sales,Sales Executive,9,96949,Yes
E0945,Female,36,Finance,Finance Manager,4,85321,Yes
E0946,Male,49,Sales,Sales Executive,13,23230,Yes
E0947,Female,28,IT,Tech Lead,24,88837,No
E0948,Female,42,Sales,Sales Manager,10,83142,No
E0949,Male,48,Sales,Sales Executive,18,31706,No
E0950,Female,27,IT,Software Engineer,9,27957,No
E0951,Male,36,Sales,Sales Manager,24,86950,No
E0952,Male,26,IT,Intern,19,19862,Yes
E0953,Male,45,HR,HR Executive,20,41546,No
E0954,Male,35,Sales,Sales Executive,13,96891,No
E0955,Female,38,Sales,Sales Executive,17,22978,Yes
E0956,Male,36,Finance,Finance Manager,16,74045,No
E0957,Female,29,Sales,Sales Manager,2,78823,No
E0958,Female,26,Sales,Sales Manager,15,52122,No
E0959,Male,22,HR,HR Manager,20,48472,No
E0960,Female,38,IT,Intern,5,22452,Yes
E0961,Female,43,IT,Data Analyst,16,49258,No
E0962,Male,49,Finance,Accountant,23,36598,Yes
E0963,Male,39,IT,Software Engineer,15,27402,Yes
E0964,Female,28,IT,Software Engineer,7,45651,No
E0965,Male,44,HR,HR Intern,16,28320,Yes
E0966,Female,26,IT,Software Engineer,0,99702,No
E0967,Female,48,HR,HR Manager,22,42690,No
E0968,Male,46,Sales,Sales Manager,12,45922,No
E0969,Male,50,Finance,Analyst,6,33119,Yes
E0970,Male,38,Sales,Sales Executive,18,90989,Yes
E0971,Male,25,HR,HR Intern,17,58335,No
E0972,Female,22,Finance,Finance Manager,14,82708,No
E0973,Male,50,Sales,Sales Manager,24,56422,Yes
E0974,Male,40,Sales,Sales Executive,5,96214,Yes
E0975,Male,36,Sales,Sales Manager,18,76123,No
E0976,Male,23,Finance,Accountant,21,38444,Yes
E0977,Female,23,IT,Tech Lead,6,84978,No
E0978,Male,34,Finance,Finance Manager,25,51595,No
E0979,Female,45,Sales,Sales Executive,21,44372,Yes
E0980,Female,24,HR,HR Manager,7,90055,No
E0981,Female,47,Finance,Finance Manager,16,64447,Yes
E0982,Female,34,IT,Data Analyst,22,90639,No
E0983,Male,40,HR,HR Manager,17,91563,Yes
E0984,Female,33,HR,HR Intern,6,25151,No
E0985,Male,25,HR,HR Executive,12,67986,Yes
E0986,Female,24,IT,Software Engineer,15,82647,No
E0987,Female,25,IT,Intern,2,67542,No
E0988,Female,29,Finance,Analyst,21,31594,No
E0989,Female,34,HR,HR Manager,14,46027,No
E0990,Male,48,Sales,Sales Manager,15,92611,No
E0991,Male,49,Sales,Sales Executive,11,29482,No
E0992,Female,45,Sales,Sales Executive,10,71406,No
E0993,Female,33,Finance,Finance Manager,19,58744,No
E0994,Female,31,Finance,Finance Manager,1,89175,No
E0995,Male,38,IT,Data Analyst,4,85240,No
E0996,Male,23,HR,HR Executive,13,33317,No
E0997,Male,24,HR,HR Executive,10,98923,Yes
E0998,Female,26,Finance,Accountant,1,60915,No
E0999,Female,46,Sales,Sales Executive,1,86462,Yes
E1000,Female,43,Sales,Sales Executive,15,56348,No
